{
  "schema_version": "1",
  "source": "atr-self-test",
  "source_version": "internal",
  "atr_version": "3.0.0-alpha.0",
  "atr_commit": "6b039802",
  "rules_loaded": 427,
  "measured_at": "2026-05-12T08:38:46.492Z",
  "samples": 341,
  "metrics": {
    "recall": 0.897196261682243,
    "precision": 1,
    "f1": 0.9458128078817734,
    "fp_rate": 0
  },
  "confusion": {
    "tp": 288,
    "fp": 0,
    "tn": 20,
    "fn": 33
  },
  "latency_ms": {
    "p50": 27.178791999998793,
    "p95": 119.58429199999955,
    "p99": 247.97200000000066,
    "mean": 41.71333465982405,
    "max": 529.1125829999999
  },
  "breakdown": {
    "by_category": [
      {
        "category": "prompt-injection",
        "metrics": {
          "precision": 1,
          "recall": 0.8355263157894737,
          "f1": 0.910394265232975,
          "accuracy": 0.8355263157894737,
          "fpRate": 0,
          "confusion": {
            "tp": 127,
            "fp": 0,
            "tn": 0,
            "fn": 25
          },
          "sampleCount": 152
        },
        "missedSamples": [
          "pi-012",
          "pi-013",
          "pi-015",
          "pi-017",
          "pi-019",
          "rule-ATR-2026-00082-tp-1",
          "rule-ATR-2026-00082-tp-2",
          "rule-ATR-2026-00085-tp-1",
          "rule-ATR-2026-00085-tp-2",
          "rule-ATR-2026-00086-tp-1",
          "rule-ATR-2026-00086-tp-2",
          "rule-ATR-2026-00087-tp-1",
          "rule-ATR-2026-00088-tp-1",
          "rule-ATR-2026-00088-tp-2",
          "rule-ATR-2026-00089-tp-1",
          "rule-ATR-2026-00089-tp-2",
          "rule-ATR-2026-00090-tp-1",
          "rule-ATR-2026-00090-tp-2",
          "rule-ATR-2026-00091-tp-2",
          "rule-ATR-2026-00092-tp-1",
          "rule-ATR-2026-00092-tp-2",
          "rule-ATR-2026-00093-tp-1",
          "rule-ATR-2026-00093-tp-2",
          "rule-ATR-2026-00094-tp-1",
          "rule-ATR-2026-00094-tp-2"
        ],
        "falsePositives": []
      },
      {
        "category": "tool-poisoning",
        "metrics": {
          "precision": 1,
          "recall": 0.9833333333333333,
          "f1": 0.9915966386554621,
          "accuracy": 0.9833333333333333,
          "fpRate": 0,
          "confusion": {
            "tp": 59,
            "fp": 0,
            "tn": 0,
            "fn": 1
          },
          "sampleCount": 60
        },
        "missedSamples": [
          "tp-010"
        ],
        "falsePositives": []
      },
      {
        "category": "context-exfiltration",
        "metrics": {
          "precision": 1,
          "recall": 0.8260869565217391,
          "f1": 0.9047619047619047,
          "accuracy": 0.8260869565217391,
          "fpRate": 0,
          "confusion": {
            "tp": 19,
            "fp": 0,
            "tn": 0,
            "fn": 4
          },
          "sampleCount": 23
        },
        "missedSamples": [
          "ex-009",
          "rule-ATR-2026-00075-tp-2",
          "rule-ATR-2026-00075-tp-3",
          "rule-ATR-2026-00075-tp-4"
        ],
        "falsePositives": []
      },
      {
        "category": "skill-compromise",
        "metrics": {
          "precision": 1,
          "recall": 1,
          "f1": 1,
          "accuracy": 1,
          "fpRate": 0,
          "confusion": {
            "tp": 8,
            "fp": 0,
            "tn": 0,
            "fn": 0
          },
          "sampleCount": 8
        },
        "missedSamples": [],
        "falsePositives": []
      },
      {
        "category": "benign",
        "metrics": {
          "precision": 1,
          "recall": 1,
          "f1": 1,
          "accuracy": 1,
          "fpRate": 0,
          "confusion": {
            "tp": 0,
            "fp": 0,
            "tn": 20,
            "fn": 0
          },
          "sampleCount": 20
        },
        "missedSamples": [],
        "falsePositives": []
      },
      {
        "category": "agent-manipulation",
        "metrics": {
          "precision": 1,
          "recall": 1,
          "f1": 1,
          "accuracy": 1,
          "fpRate": 0,
          "confusion": {
            "tp": 31,
            "fp": 0,
            "tn": 0,
            "fn": 0
          },
          "sampleCount": 31
        },
        "missedSamples": [],
        "falsePositives": []
      },
      {
        "category": "data-poisoning",
        "metrics": {
          "precision": 1,
          "recall": 0.6666666666666666,
          "f1": 0.8,
          "accuracy": 0.6666666666666666,
          "fpRate": 0,
          "confusion": {
            "tp": 6,
            "fp": 0,
            "tn": 0,
            "fn": 3
          },
          "sampleCount": 9
        },
        "missedSamples": [
          "rule-ATR-2026-00070-tp-2",
          "rule-ATR-2026-00070-tp-3",
          "rule-ATR-2026-00070-tp-5"
        ],
        "falsePositives": []
      },
      {
        "category": "excessive-autonomy",
        "metrics": {
          "precision": 1,
          "recall": 1,
          "f1": 1,
          "accuracy": 1,
          "fpRate": 0,
          "confusion": {
            "tp": 23,
            "fp": 0,
            "tn": 0,
            "fn": 0
          },
          "sampleCount": 23
        },
        "missedSamples": [],
        "falsePositives": []
      },
      {
        "category": "model-abuse",
        "metrics": {
          "precision": 1,
          "recall": 1,
          "f1": 1,
          "accuracy": 1,
          "fpRate": 0,
          "confusion": {
            "tp": 4,
            "fp": 0,
            "tn": 0,
            "fn": 0
          },
          "sampleCount": 4
        },
        "missedSamples": [],
        "falsePositives": []
      },
      {
        "category": "privilege-escalation",
        "metrics": {
          "precision": 1,
          "recall": 1,
          "f1": 1,
          "accuracy": 1,
          "fpRate": 0,
          "confusion": {
            "tp": 11,
            "fp": 0,
            "tn": 0,
            "fn": 0
          },
          "sampleCount": 11
        },
        "missedSamples": [],
        "falsePositives": []
      }
    ]
  },
  "notes": "Engine regression eval against the union of all rules' own test_cases."
}
