{
  "schema_version": "1",
  "source": "atr-self-test",
  "source_version": "internal",
  "atr_version": "3.0.0-alpha.0",
  "atr_commit": "008239c6",
  "rules_loaded": 427,
  "measured_at": "2026-05-23T16:17:14.166Z",
  "samples": 341,
  "metrics": {
    "recall": 0.8940809968847352,
    "precision": 1,
    "f1": 0.944078947368421,
    "fp_rate": 0
  },
  "confusion": {
    "tp": 287,
    "fp": 0,
    "tn": 20,
    "fn": 34
  },
  "latency_ms": {
    "p50": 5.506834000000026,
    "p95": 10.9665829999999,
    "p99": 30.289999999999964,
    "mean": 6.849934240469205,
    "max": 140.98225000000002
  },
  "breakdown": {
    "by_category": [
      {
        "category": "prompt-injection",
        "metrics": {
          "precision": 1,
          "recall": 0.8289473684210527,
          "f1": 0.9064748201438849,
          "accuracy": 0.8289473684210527,
          "fpRate": 0,
          "confusion": {
            "tp": 126,
            "fp": 0,
            "tn": 0,
            "fn": 26
          },
          "sampleCount": 152
        },
        "missedSamples": [
          "pi-009",
          "pi-012",
          "pi-013",
          "pi-015",
          "pi-017",
          "pi-019",
          "rule-ATR-2026-00082-tp-1",
          "rule-ATR-2026-00082-tp-2",
          "rule-ATR-2026-00085-tp-1",
          "rule-ATR-2026-00085-tp-2",
          "rule-ATR-2026-00086-tp-1",
          "rule-ATR-2026-00086-tp-2",
          "rule-ATR-2026-00087-tp-1",
          "rule-ATR-2026-00088-tp-1",
          "rule-ATR-2026-00088-tp-2",
          "rule-ATR-2026-00089-tp-1",
          "rule-ATR-2026-00089-tp-2",
          "rule-ATR-2026-00090-tp-1",
          "rule-ATR-2026-00090-tp-2",
          "rule-ATR-2026-00091-tp-2",
          "rule-ATR-2026-00092-tp-1",
          "rule-ATR-2026-00092-tp-2",
          "rule-ATR-2026-00093-tp-1",
          "rule-ATR-2026-00093-tp-2",
          "rule-ATR-2026-00094-tp-1",
          "rule-ATR-2026-00094-tp-2"
        ],
        "falsePositives": []
      },
      {
        "category": "tool-poisoning",
        "metrics": {
          "precision": 1,
          "recall": 0.9833333333333333,
          "f1": 0.9915966386554621,
          "accuracy": 0.9833333333333333,
          "fpRate": 0,
          "confusion": {
            "tp": 59,
            "fp": 0,
            "tn": 0,
            "fn": 1
          },
          "sampleCount": 60
        },
        "missedSamples": [
          "tp-010"
        ],
        "falsePositives": []
      },
      {
        "category": "context-exfiltration",
        "metrics": {
          "precision": 1,
          "recall": 0.8260869565217391,
          "f1": 0.9047619047619047,
          "accuracy": 0.8260869565217391,
          "fpRate": 0,
          "confusion": {
            "tp": 19,
            "fp": 0,
            "tn": 0,
            "fn": 4
          },
          "sampleCount": 23
        },
        "missedSamples": [
          "ex-009",
          "rule-ATR-2026-00075-tp-2",
          "rule-ATR-2026-00075-tp-3",
          "rule-ATR-2026-00075-tp-4"
        ],
        "falsePositives": []
      },
      {
        "category": "skill-compromise",
        "metrics": {
          "precision": 1,
          "recall": 1,
          "f1": 1,
          "accuracy": 1,
          "fpRate": 0,
          "confusion": {
            "tp": 8,
            "fp": 0,
            "tn": 0,
            "fn": 0
          },
          "sampleCount": 8
        },
        "missedSamples": [],
        "falsePositives": []
      },
      {
        "category": "benign",
        "metrics": {
          "precision": 1,
          "recall": 1,
          "f1": 1,
          "accuracy": 1,
          "fpRate": 0,
          "confusion": {
            "tp": 0,
            "fp": 0,
            "tn": 20,
            "fn": 0
          },
          "sampleCount": 20
        },
        "missedSamples": [],
        "falsePositives": []
      },
      {
        "category": "agent-manipulation",
        "metrics": {
          "precision": 1,
          "recall": 1,
          "f1": 1,
          "accuracy": 1,
          "fpRate": 0,
          "confusion": {
            "tp": 31,
            "fp": 0,
            "tn": 0,
            "fn": 0
          },
          "sampleCount": 31
        },
        "missedSamples": [],
        "falsePositives": []
      },
      {
        "category": "data-poisoning",
        "metrics": {
          "precision": 1,
          "recall": 0.6666666666666666,
          "f1": 0.8,
          "accuracy": 0.6666666666666666,
          "fpRate": 0,
          "confusion": {
            "tp": 6,
            "fp": 0,
            "tn": 0,
            "fn": 3
          },
          "sampleCount": 9
        },
        "missedSamples": [
          "rule-ATR-2026-00070-tp-2",
          "rule-ATR-2026-00070-tp-3",
          "rule-ATR-2026-00070-tp-5"
        ],
        "falsePositives": []
      },
      {
        "category": "excessive-autonomy",
        "metrics": {
          "precision": 1,
          "recall": 1,
          "f1": 1,
          "accuracy": 1,
          "fpRate": 0,
          "confusion": {
            "tp": 23,
            "fp": 0,
            "tn": 0,
            "fn": 0
          },
          "sampleCount": 23
        },
        "missedSamples": [],
        "falsePositives": []
      },
      {
        "category": "model-abuse",
        "metrics": {
          "precision": 1,
          "recall": 1,
          "f1": 1,
          "accuracy": 1,
          "fpRate": 0,
          "confusion": {
            "tp": 4,
            "fp": 0,
            "tn": 0,
            "fn": 0
          },
          "sampleCount": 4
        },
        "missedSamples": [],
        "falsePositives": []
      },
      {
        "category": "privilege-escalation",
        "metrics": {
          "precision": 1,
          "recall": 1,
          "f1": 1,
          "accuracy": 1,
          "fpRate": 0,
          "confusion": {
            "tp": 11,
            "fp": 0,
            "tn": 0,
            "fn": 0
          },
          "sampleCount": 11
        },
        "missedSamples": [],
        "falsePositives": []
      }
    ],
    "by_difficulty": [
      {
        "difficulty": "easy",
        "metrics": {
          "precision": 1,
          "recall": 0.9141914191419142,
          "f1": 0.9551724137931034,
          "accuracy": 0.9174603174603174,
          "fpRate": 0,
          "confusion": {
            "tp": 277,
            "fp": 0,
            "tn": 12,
            "fn": 26
          },
          "sampleCount": 315
        }
      },
      {
        "difficulty": "medium",
        "metrics": {
          "precision": 1,
          "recall": 0.5384615384615384,
          "f1": 0.7000000000000001,
          "accuracy": 0.6666666666666666,
          "fpRate": 0,
          "confusion": {
            "tp": 7,
            "fp": 0,
            "tn": 5,
            "fn": 6
          },
          "sampleCount": 18
        }
      },
      {
        "difficulty": "hard",
        "metrics": {
          "precision": 1,
          "recall": 0.6,
          "f1": 0.7499999999999999,
          "accuracy": 0.75,
          "fpRate": 0,
          "confusion": {
            "tp": 3,
            "fp": 0,
            "tn": 3,
            "fn": 2
          },
          "sampleCount": 8
        }
      }
    ]
  },
  "notes": "Engine regression eval against the union of every rule's own test_cases."
}
